_id,promedio_salario
SE,194721.66666666666
EX,163860.04832376927
MI,108211.11494252873
EN,49006.71818563629
